model_version,release_date,organization,source
8-shot Minerva,2022-06-29,,Manual
ada,2020-06-22,,Manual
Alpaca (7B),2023-03-13,,Manual
Amazon Nova 1.0 Lite,2024-12-03,,Manual
Amazon Nova 1.0 Micro,2024-12-03,,Manual
Amazon Nova 1.0 Pro,2024-12-03,,Manual
amazon.nova-lite-v1:0,2024-12-03,Amazon,EpochAI
amazon.nova-micro-v1:0,2024-12-03,Amazon,EpochAI
amazon.nova-pro-v1:0,2024-12-03,Amazon,EpochAI
Anthropic-LM v4-s3 (52B),2023-04-12,,Manual
AquilaChat2 34B,2023-10-12,,Manual
ARChitects,2024-11-03,,Manual
Arctic Instruct,2024-04-24,,Manual
Aria,2024-09-30,,EpochAI
babbage,2020-06-22,,Manual
Baichuan-13B-Base,2023-07-11,Baichuan,EpochAI
Baichuan-2-13B-Base,2023-09-06,Baichuan,EpochAI
Baichuan-2-7B-Base,2023-09-20,Baichuan,EpochAI
Baichuan-7B,2023-06-01,Baichuan,EpochAI
Baichuan2-13B-Chat,2023-09-06,,EpochAI
Baichuan2-Chat 13B (8-shot),2023-09-06,,Manual
Baichuan2-Chat 7B (8-shot),2023-09-20,,Manual
BAN,2022-09-20,,Manual
blip2-opt-2.7b,2023-02-06,Salesforce Research,EpochAI
bloom,2022-07-06,"Hugging Face,BigScience",EpochAI
ByteVideoLLM-14B,2024-10-13,,EpochAI
c4ai-command-a-03-2025,2025-03-13,Cohere,EpochAI
c4ai-command-r-08-2024,2024-08-30,,EpochAI
c4ai-command-r-plus-08-2024,2024-08-30,"Cohere,Cohere for AI",EpochAI
Cerebras-GPT-13B,2023-03-20,Cerebras Systems,EpochAI
Chameleon (ChatGPT),2024-05-16,,Manual
Chameleon (GPT-4),2024-05-16,,Manual
Chat-Uni-Vi-7B-v1.5 + 100k SG-WV,2024-06-20,,EpochAI
Chat-UniVi,2023-11-14,,Manual
Chat-UniVi-7B-v1.5,2024-04-23,,EpochAI
ChatGLM 2-6B (base),2023-06-24,,Manual
chatglm2-6b,2023-06-24,,EpochAI
ChatGPT agent,2025-07-17,,Manual
chatgpt-4o-01-29-2025,2025-01-29,OpenAI,EpochAI
chatgpt-4o-03-27-2025,2025-03-27,OpenAI,EpochAI
Chinchilla (70B),2022-03-29,DeepMind,EpochAI
Chinese-Alpaca-Plus-13B,2023-05-09,,Manual
chutes/DeepSeek-R1-0528,2025-05-28,DeepSeek,EpochAI
chutes/DeepSeek-V3-0324,2025-03-24,DeepSeek,EpochAI
chutes/Gemma-3-27b-It,2025-03-11,Google DeepMind,EpochAI
chutes/GLM-4.5-FP8,2025-07-27,,EpochAI
chutes/gpt-oss-120b,2025-08-05,OpenAI,EpochAI
chutes/gpt-oss-120b_high,2025-08-05,OpenAI,EpochAI
chutes/Llama-4-Maverick-17B-128E-Instruct,2025-04-06,Meta AI,EpochAI
chutes/Llama-4-Scout-17B-16E Instruct,2025-04-06,Meta AI,EpochAI
chutes/Qwen3-14B,2025-04-28,Alibaba,EpochAI
chutes/Qwen3-235B-A22B,2025-04-28,Alibaba,EpochAI
chutes/Qwen3-235B-A22B-Thinking-2507,2025-07-25,Alibaba,EpochAI
chutes/Qwen3-30B-A3B,2025-04-28,Alibaba,EpochAI
chutes/Qwen3-32B,2025-04-28,Alibaba,EpochAI
chutes/Qwen3-8B,2025-04-28,Alibaba,EpochAI
chutes/Qwen3-Next-80B-A3B-Instruct,2025-09-11,,EpochAI
chutes/QwQ-32B,2025-03-05,Alibaba,EpochAI
Claude 3 Opus,2024-02-29,,Manual
Claude 3.0 Haiku,2024-03-07,,Manual
Claude 3.0 Opus,2024-02-29,,Manual
Claude 3.0 Sonnet,2024-02-29,,Manual
Claude 3.5 Sonnet,2024-06-20,,Manual
Claude 3.5 Sonnet V2,2024-10-22,,Manual
Claude 3.7,2025-02-24,,Manual
Claude 3.7 (16K),2025-02-24,,Manual
Claude 3.7 (1K),2025-02-24,,Manual
Claude 3.7 (8K),2025-02-24,,Manual
Claude 3.7 Sonnet (Thinking),2025-02-24,,Manual
Claude 3.7 Sonnet Thinking (Feb 2025),2025-02-24,,Manual
Claude 3.7 Sonnet V1,2025-02-19,,Manual
Claude 3.7 Sonnet V1 - Reasoning 16000,2025-02-19,,Manual
Claude Haiku 4.5,2025-10-15,,Manual
Claude Haiku 4.5 (Thinking 16K),2025-10-15,,Manual
Claude Haiku 4.5 (Thinking 1K),2025-10-15,,Manual
Claude Haiku 4.5 (Thinking 32K),2025-10-15,,Manual
Claude Haiku 4.5 (Thinking 8K),2025-10-15,,Manual
Claude Opus 4,2025-05-22,,Manual
Claude Opus 4 (Thinking 16K),2025-05-22,,Manual
Claude Opus 4 (Thinking 1K),2025-05-22,,Manual
Claude Opus 4 (Thinking 8K),2025-05-22,,Manual
Claude Opus 4 (Thinking),2025-05-22,,Manual
Claude Sonnet 4,2025-05-22,,Manual
Claude Sonnet 4 (Thinking 16K),2025-05-22,,Manual
Claude Sonnet 4 (Thinking 1K),2025-05-22,,Manual
Claude Sonnet 4 (Thinking 8K),2025-05-22,,Manual
Claude Sonnet 4 (Thinking),2025-05-22,,Manual
Claude Sonnet 4.5,2025-09-29,,Manual
Claude Sonnet 4.5 (Thinking 16K),2025-09-29,,Manual
Claude Sonnet 4.5 (Thinking 1K),2025-09-29,,Manual
Claude Sonnet 4.5 (Thinking 32K),2025-09-29,,Manual
Claude Sonnet 4.5 (Thinking 8K),2025-09-29,,Manual
claude-1.3,2023-04-18,Anthropic,EpochAI
claude-2.0,2023-07-11,Anthropic,EpochAI
claude-2.1,2023-11-21,Anthropic,EpochAI
claude-3-5-haiku-20241022,2024-10-22,Anthropic,EpochAI
claude-3-5-sonnet-20240620,2024-06-20,Anthropic,EpochAI
claude-3-5-sonnet-20241022,2024-10-22,Anthropic,EpochAI
claude-3-7-sonnet-20250219,2025-02-24,Anthropic,EpochAI
claude-3-7-sonnet-20250219_12K,2025-02-24,Anthropic,EpochAI
claude-3-7-sonnet-20250219_15K,2025-02-24,Anthropic,EpochAI
claude-3-7-sonnet-20250219_16K,2025-02-24,Anthropic,EpochAI
claude-3-7-sonnet-20250219_1K,2025-02-24,Anthropic,EpochAI
claude-3-7-sonnet-20250219_2K,2025-02-24,Anthropic,EpochAI
claude-3-7-sonnet-20250219_32K,2025-02-24,Anthropic,EpochAI
claude-3-7-sonnet-20250219_64K,2025-02-24,Anthropic,EpochAI
claude-3-7-sonnet-20250219_8K,2025-02-24,Anthropic,EpochAI
claude-3-haiku-20240307,2024-03-07,Anthropic,EpochAI
claude-3-opus-20240229,2024-02-29,Anthropic,EpochAI
claude-3-sonnet-20240229,2024-02-29,Anthropic,EpochAI
Claude-3.7-Sonnet-thinking,2025-02-24,,Manual
claude-37-sonnet-thinking,2025-02-24,,Manual
claude-4-5-haiku,2025-10-15,,Manual
claude-4-5-Sonnet,2025-09-29,,Manual
claude-4-5-sonnet,2025-09-29,,Manual
claude-4-Sonnet,2025-05-22,,Manual
claude-haiku-4-5-20251001,2025-10-15,Anthropic,EpochAI
claude-haiku-4-5-20251001_16K,2025-10-15,Anthropic,EpochAI
claude-haiku-4-5-20251001_32K,2025-10-15,Anthropic,EpochAI
claude-instant-1.1,2023-08-09,,Manual
claude-instant-1.2,2023-08-09,Anthropic,EpochAI
claude-opus-4-1-20250805,2025-08-05,Anthropic,EpochAI
claude-opus-4-1-20250805_16K,2025-08-05,Anthropic,EpochAI
claude-opus-4-1-20250805_27K,2025-08-05,Anthropic,EpochAI
claude-opus-4-20250514,2025-05-22,Anthropic,EpochAI
claude-opus-4-20250514_12K,2025-05-22,Anthropic,EpochAI
claude-opus-4-20250514_16K,2025-05-22,Anthropic,EpochAI
claude-opus-4-20250514_1K,2025-05-22,Anthropic,EpochAI
claude-opus-4-20250514_27K,2025-05-22,Anthropic,EpochAI
claude-opus-4-20250514_2K,2025-05-22,Anthropic,EpochAI
claude-opus-4-20250514_32K,2025-05-22,Anthropic,EpochAI
claude-opus-4-20250514_8K,2025-05-22,Anthropic,EpochAI
claude-opus-4-5-20251101,2025-11-24,Anthropic,EpochAI
claude-opus-4-5-20251101_128K,2025-11-24,Anthropic,EpochAI
claude-opus-4-5-20251101_16K,2025-11-24,Anthropic,EpochAI
claude-opus-4-5-20251101_32K,2025-11-24,Anthropic,EpochAI
claude-opus-4-5-20251101_64K,2025-11-24,Anthropic,EpochAI
claude-sonnet-4,2025-05-22,,Manual
claude-sonnet-4-20250514,2025-05-22,Anthropic,EpochAI
claude-sonnet-4-20250514_12K,2025-05-22,Anthropic,EpochAI
claude-sonnet-4-20250514_16K,2025-05-22,Anthropic,EpochAI
claude-sonnet-4-20250514_1K,2025-05-22,Anthropic,EpochAI
claude-sonnet-4-20250514_2K,2025-05-22,Anthropic,EpochAI
claude-sonnet-4-20250514_32K,2025-05-22,Anthropic,EpochAI
claude-sonnet-4-20250514_59K,2025-05-22,Anthropic,EpochAI
claude-sonnet-4-20250514_8K,2025-05-22,Anthropic,EpochAI
claude-sonnet-4-5-20250929,2025-09-29,Anthropic,EpochAI
claude-sonnet-4-5-20250929_12K,2025-09-29,Anthropic,EpochAI
claude-sonnet-4-5-20250929_16K,2025-09-29,Anthropic,EpochAI
claude-sonnet-4-5-20250929_2K,2025-09-29,Anthropic,EpochAI
claude-sonnet-4-5-20250929_32K,2025-09-29,Anthropic,EpochAI
claude-sonnet-4-5-20250929_59K,2025-09-29,Anthropic,EpochAI
claude-sonnet-4-thinking,2025-05-22,,Manual
code-cushman-001 (12B),2021-07-07,,Manual
code-davinci-002,2022-03-15,,Manual
CodeQwen1.5-7B,2024-04-15,,EpochAI
codestral-2501,2025-01-13,Mistral AI,EpochAI
Codex Mini (Latest),2025-04-16,,Manual
Cohere Command beta (52.4B),2023-03-01,,Manual
Cohere Command beta (6.1B),2023-03-01,,Manual
CoMD (Vicuna-7B),2023-11-14,,Manual
computer-use-preview-2025-03-11,2025-03-11,,EpochAI
CoT ChatGPT,2023-04-19,,Manual
CoT GPT-3 (AE),2022-09-20,,Manual
CoT GPT-3 (ALE),2022-09-20,,Manual
CoT GPT-3 + Doc,2023-08-01,,Manual
CoT GPT-4,2023-04-19,,Manual
CoT UnifiedQA,2022-09-20,,Manual
curie,2020-06-22,,Manual
davinci,2020-05-28,,Manual
davinci-002,2022-03-15,,Manual
DBRX Instruct,2024-03-27,,Manual
dbrx-instruct,2024-03-27,Databricks,EpochAI
DDCoT (ChatGPT),2023-10-25,,Manual
DDCoT (GPT-3),2023-10-25,,Manual
DDCoT (MiniGPT-4),2023-10-25,,Manual
DDCoT (T5),2023-10-25,,Manual
deepinfra/Qwen3-Next-80B-A3B-Instruct,2025-09-11,,Manual
DeepSeek LLM Chat (67B),2024-01-05,,Manual
DeepSeek R1,2025-01-20,,Manual
Deepseek R1,2025-01-20,,Manual
Deepseek R1 (05/28),2025-05-28,,Manual
DeepSeek R1 (Jan 2025),2025-01-20,,Manual
DeepSeek V3,2024-12-26,,Manual
deepseek-coder-1.3b-base,2023-11-02,"DeepSeek,Peking University",EpochAI
deepseek-coder-33b-base,2023-11-02,"DeepSeek,Peking University",EpochAI
deepseek-coder-6.7b-base,2023-11-02,"DeepSeek,Peking University",EpochAI
DeepSeek-Coder-V2-Base,2024-06-17,DeepSeek,EpochAI
DeepSeek-Coder-V2-Instruct,2024-06-17,DeepSeek,EpochAI
DeepSeek-Coder-V2-Lite-Base,2024-06-13,,EpochAI
DeepSeek-Coder-V2-Lite-Instruct,2024-06-13,,EpochAI
deepseek-llm-67b-chat,2023-11-29,DeepSeek,EpochAI
Deepseek-R1,2025-01-20,,Manual
DeepSeek-R1,2025-01-20,DeepSeek,EpochAI
Deepseek-R1-0528,2025-05-28,,Manual
deepseek-r1-0528,2025-05-28,,Manual
DeepSeek-R1-0528,2025-05-28,DeepSeek,EpochAI
DeepSeek-R1-Distill-Llama-70B,2025-01-20,DeepSeek,EpochAI
DeepSeek-R1-Distill-Qwen-14B,2025-01-20,DeepSeek,EpochAI
DeepSeek-R1-Distill-Qwen-32B,2025-01-20,DeepSeek,EpochAI
deepseek-reasoner,2025-12-01,DeepSeek,EpochAI
DeepSeek-V2,2024-05-07,DeepSeek,EpochAI
DeepSeek-V2.5,2024-09-06,DeepSeek,EpochAI
DeepSeek-V3,2024-12-26,DeepSeek,EpochAI
DeepSeek-V3-0324,2025-03-24,DeepSeek,EpochAI
DeepSeek-V3-Base,2024-12-26,DeepSeek,EpochAI
DeepSeek-V3.1,2025-08-21,DeepSeek,EpochAI
DeepSeek-V3.1_thinking,2025-08-21,DeepSeek,EpochAI
DeepSeek-V3.2-Exp,2025-09-29,DeepSeek,EpochAI
DeepSeek-V3.2-Exp_high,2025-09-29,DeepSeek,EpochAI
DeepSeek-V3.2-Exp_thinking,2025-09-29,DeepSeek,EpochAI
deepseek-v3p1,2025-08-21,,Manual
deepseek/deepseek-v3.2,2025-12-01,DeepSeek,EpochAI
DFAF,2022-09-20,,Manual
DINOv2,2023-04-14,,Manual
dolly-v2-12b,2023-04-11,Databricks,EpochAI
DPMM-CoT_Base,2023-12-14,,Manual
DPMM-CoT_Large,2023-12-14,,Manual
Dracarys2-72B-Instruct,2024-09-30,,EpochAI
Dracarys2-Llama-3.1-70B-Instruct,2024-08-14,,EpochAI
Enigma-COT_Base,2023-07-24,,Manual
Enigma-COT_Large,2023-07-24,,Manual
Eurus-2-7B-PRIME,2024-12-31,"Tsinghua University,University of Illinois Urbana-Champaign (UIUC),Shanghai AI Lab,Peking University,Shanghai Jiao Tong University,CUHK Shenzhen Research Institute",EpochAI
falcon-11b,2024-05-09,Technology Innovation Institute,EpochAI
falcon-11B-vlm,2024-05-21,,EpochAI
falcon-180B,2023-09-06,Technology Innovation Institute,EpochAI
falcon-40b,2023-03-15,Technology Innovation Institute,EpochAI
falcon-40b-instruct,2023-05-25,Technology Innovation Institute,EpochAI
falcon-7b,2023-04-24,Technology Innovation Institute,EpochAI
Falcon-Instruct (40B),2023-05-25,,Manual
Falcon-Instruct (7B),2023-06-20,,Manual
Falcon-rw-1.3B,2023-06-08,,Manual
fireworks/deepseek-v3p2,2025-12-01,DeepSeek,EpochAI
fireworks/Kimi-K2-Instruct-0905,2025-09-05,Moonshot,EpochAI
Flan-T5-XL (LoRA),2022-10-20,,Manual
Flan-T5-XXL,2022-10-20,,Manual
Fromage,2023-01-31,,Manual
Gemini 1.0 Pro,2023-12-12,,Manual
Gemini 1.5,2024-05-23,,Manual
Gemini 1.5 Flash 002,2024-11-21,,Manual
Gemini 1.5 Pro,2024-05-23,,Manual
Gemini 1.5 Pro (0409 preview),2024-04-09,,Manual
Gemini 2.0 Flash,2025-02-05,,Manual
Gemini 2.0 Flash Experimental,2024-12-11,,Manual
Gemini 2.0 Flash Lite Preview,2025-02-05,,Manual
Gemini 2.0 Flash Thinking Experimental,2024-12-19,,Manual
Gemini 2.0 Pro Experimental (Feb 2025),2025-02-05,,Manual
Gemini 2.5 Flash (Preview),2025-04-17,,Manual
Gemini 2.5 Flash (Preview) (Thinking 16K),2025-04-17,,Manual
Gemini 2.5 Flash (Preview) (Thinking 1K),2025-04-17,,Manual
Gemini 2.5 Flash (Preview) (Thinking 24K),2025-04-17,,Manual
Gemini 2.5 Flash (Preview) (Thinking 8K),2025-04-17,,Manual
Gemini 2.5 Pro (Preview),2025-06-05,,Manual
"Gemini 2.5 Pro (Preview, Thinking 1K)",2025-06-05,,Manual
Gemini 2.5 Pro (Thinking 16K),2025-06-17,,Manual
Gemini 2.5 Pro (Thinking 1K),2025-06-17,,Manual
Gemini 2.5 Pro (Thinking 32K),2025-06-17,,Manual
Gemini 2.5 Pro (Thinking 8K),2025-06-17,,Manual
Gemini 2.5 Pro Experimental (March 2025),2025-03-25,,Manual
Gemini 2.5 Pro Preview (May 06 2025),2025-05-06,,Manual
Gemini 3 Flash Preview (High),2025-12-17,,Manual
Gemini 3 Flash Preview (Low),2025-12-17,,Manual
Gemini 3 Flash Preview (Medium),2025-12-17,,Manual
Gemini 3 Flash Preview (Minimal),2025-12-17,,Manual
Gemini 3 Pro,2025-11-18,,Manual
gemini-1.0-pro-001,2024-02-15,Google DeepMind,EpochAI
gemini-1.0-pro-vision,2024-01-04,Google DeepMind,EpochAI
gemini-1.5-flash-001,2024-05-23,Google DeepMind,EpochAI
gemini-1.5-flash-002,2024-09-24,Google DeepMind,EpochAI
gemini-1.5-flash-0514,2024-05-14,Google DeepMind,EpochAI
gemini-1.5-flash-8b-001,2024-10-03,Google DeepMind,EpochAI
gemini-1.5-pro-001,2024-05-24,Google DeepMind,EpochAI
Gemini-1.5-Pro-002,2024-09-24,,Manual
gemini-1.5-pro-002,2024-09-24,Google DeepMind,EpochAI
gemini-2.0-flash-001,2025-02-05,"Google DeepMind,Google",EpochAI
gemini-2.0-flash-exp,2024-12-11,"Google DeepMind,Google",EpochAI
gemini-2.0-flash-lite,2025-02-05,Google DeepMind,EpochAI
gemini-2.0-flash-lite-preview-02-05,2025-02-05,Google DeepMind,EpochAI
gemini-2.0-flash-thinking-exp-01-21,2025-01-21,"Google DeepMind,Google",EpochAI
gemini-2.0-pro-exp-02-05,2025-02-05,Google DeepMind,EpochAI
gemini-2.5-deep-think-2025-08-01-webapp,2025-08-01,"Google,Google DeepMind",EpochAI
gemini-2.5-flash,2025-06-17,Google DeepMind,EpochAI
gemini-2.5-flash (Thinking),2025-04-17,,Manual
gemini-2.5-flash-lite-preview-06-17-thinking,2025-06-17,Google DeepMind,EpochAI
gemini-2.5-flash-lite-preview-06-17_16K,2025-06-17,Google DeepMind,EpochAI
gemini-2.5-flash-lite-preview-09-2025,2025-09-25,Google DeepMind,EpochAI
gemini-2.5-flash-preview-04-17,2025-04-17,Google DeepMind,EpochAI
gemini-2.5-flash-preview-04-17 (24K thinking),2025-04-17,Google DeepMind,EpochAI
gemini-2.5-flash-preview-05-20,2025-05-20,Google DeepMind,EpochAI
gemini-2.5-flash-preview-05-20_16K,2025-05-20,Google DeepMind,EpochAI
gemini-2.5-flash-preview-05-20_1K,2025-05-20,Google DeepMind,EpochAI
gemini-2.5-flash-preview-05-20_23K,2025-05-20,Google DeepMind,EpochAI
gemini-2.5-flash-preview-05-20_8K,2025-05-20,Google DeepMind,EpochAI
gemini-2.5-flash-preview-09-2025,2025-09-25,Google DeepMind,EpochAI
gemini-2.5-flash-preview-09-2025_16k,2025-09-25,Google DeepMind,EpochAI
gemini-2.5-pro,2025-06-17,Google DeepMind,EpochAI
gemini-2.5-pro-exp-03-25,2025-03-25,Google DeepMind,EpochAI
gemini-2.5-pro-preview-03-25,2025-04-09,Google DeepMind,EpochAI
gemini-2.5-pro-preview-05-06,2025-05-06,Google DeepMind,EpochAI
Gemini-2.5-Pro-Preview-06-05,2025-06-05,,Manual
gemini-2.5-pro-preview-06-05,2025-06-05,Google DeepMind,EpochAI
gemini-2.5-Pro-Preview-06-05,2025-06-05,,Manual
gemini-2.5-pro-preview-06-05_1K,2025-06-05,Google DeepMind,EpochAI
gemini-2.5-pro_16K,2025-06-17,Google DeepMind,EpochAI
gemini-3-flash-preview,2025-12-17,Google DeepMind,EpochAI
gemini-3-pro-preview,2025-11-18,Google DeepMind,EpochAI
gemini-exp-1206,2024-12-06,"Google DeepMind,Google",EpochAI
gemini-robotics-er-1.5-preview,2025-09-26,,EpochAI
gemma-2-27b-it,2024-06-24,Google DeepMind,EpochAI
gemma-2-9b,2024-06-24,,Manual
gemma-2-9b-it,2024-06-24,Google DeepMind,EpochAI
gemma-2b,2024-02-21,Google DeepMind,EpochAI
gemma-3-27b-it,2025-03-12,Google DeepMind,EpochAI
gemma-3n-E4B-it,2025-06-26,,Manual
gemma-7b,2024-02-21,Google DeepMind,EpochAI
GLaM (64B/64E) (3-shot),2021-12-13,,Manual
GLaM (64B/64E) (One-shot),2021-12-13,,Manual
GLaM (64B/64E) (Zero-shot),2021-12-13,,Manual
GLaM (dense),2021-12-13,,Manual
GLaM (Dense) 0.1B,2021-12-13,,Manual
GLaM (Dense) 1.7B,2021-12-13,,Manual
GLaM (Dense) 137B,2021-12-13,,Manual
GLaM (Dense) 8B,2021-12-13,,Manual
GLaM (MoE),2021-12-13,Google,EpochAI
GLaM (MoE) 0.1B/64E,2021-12-13,,Manual
GLaM (MoE) 1.7B/64E,2021-12-13,,Manual
GLaM (MoE) 64B/64E,2021-12-13,,Manual
GLaM (MoE) 8B/64E,2021-12-13,,Manual
GLM (130B),2022-08-04,,Manual
glm-4.5,2025-08-03,"Z.ai (Zhipu AI),Tsinghua University",EpochAI
glm-4.5_thinking,2025-08-05,"Z.ai (Zhipu AI),Tsinghua University",EpochAI
glm-4.6,2025-09-30,"Z.ai (Zhipu AI),Tsinghua University",EpochAI
glm-4.7,2025-12-22,Z.ai (Zhipu AI),EpochAI
glm-4p5,2025-08-05,,Manual
glm-4p5-air,2025-08-05,,Manual
Gopher (280B),2021-12-08,DeepMind,EpochAI
GPT 4,2023-03-15,,Manual
GPT 4 Turbo,2024-04-09,,Manual
GPT 4.5 Preview,2025-02-27,,Manual
GPT 4o,2024-05-13,,Manual
GPT-3.5 Turbo,2023-03-01,,Manual
gpt-3.5-turbo-0125,2024-01-25,OpenAI,EpochAI
gpt-3.5-turbo-0301,2023-03-01,,Manual
gpt-3.5-turbo-0613,2023-06-13,OpenAI,EpochAI
gpt-3.5-turbo-1106,2023-11-06,OpenAI,EpochAI
gpt-3.5-turbo-instruct,2023-09-18,OpenAI,EpochAI
GPT-4,2023-03-15,,Manual
GPT-4 (8-shot),2023-03-15,,Manual
gpt-4-0125-preview,2024-01-25,OpenAI,EpochAI
gpt-4-0314,2023-03-14,OpenAI,EpochAI
gpt-4-0613,2023-06-13,OpenAI,EpochAI
gpt-4-1106-preview,2023-11-06,OpenAI,EpochAI
gpt-4-1106-vision-preview,2023-11-06,OpenAI,EpochAI
gpt-4-32k-0314,2023-03-14,OpenAI,EpochAI
gpt-4-turbo,2023-11-06,OpenAI,EpochAI
gpt-4-turbo-2024-04-09,2024-04-09,OpenAI,EpochAI
GPT-4.1,2025-04-14,,Manual
gpt-4.1,2025-04-14,,Manual
GPT-4.1 mini,2025-04-14,,Manual
GPT-4.1 nano,2025-04-14,,Manual
gpt-4.1-2025-04-14,2025-04-14,OpenAI,EpochAI
GPT-4.1-Mini,2025-04-14,,Manual
gpt-4.1-mini,2025-04-14,,Manual
gpt-4.1-mini-2025-04-14,2025-04-14,OpenAI,EpochAI
GPT-4.1-Nano,2025-04-14,,Manual
gpt-4.1-nano-2025-04-14,2025-04-14,OpenAI,EpochAI
GPT-4.5,2025-02-27,,Manual
gpt-4.5-preview-2025-02-27,2025-02-27,OpenAI,EpochAI
gpt-4o,2024-05-13,,Manual
GPT-4o,2024-05-13,,Manual
GPT-4o mini,2024-07-18,,Manual
gpt-4o-2024-05-13,2024-05-13,OpenAI,EpochAI
gpt-4o-2024-08-06,2024-08-06,OpenAI,EpochAI
gpt-4o-2024-11-20,2024-11-20,OpenAI,EpochAI
gpt-4o-mini,2024-07-18,,Manual
GPT-4o-mini,2024-07-18,,Manual
gpt-4o-mini-2024-07-18,2024-07-18,OpenAI,EpochAI
GPT-5,2025-08-07,,Manual
gpt-5,2025-08-07,,Manual
GPT-5 (High),2025-08-07,,Manual
GPT-5 (Low),2025-08-07,,Manual
GPT-5 (Medium),2025-08-07,,Manual
GPT-5 (Minimal),2025-08-07,,Manual
GPT-5 Mini (High),2025-08-07,,Manual
GPT-5 Mini (Low),2025-08-07,,Manual
GPT-5 Mini (Medium),2025-08-07,,Manual
GPT-5 Mini (Minimal),2025-08-07,,Manual
GPT-5 Nano (High),2025-08-07,,Manual
GPT-5 Nano (Low),2025-08-07,,Manual
GPT-5 Nano (Medium),2025-08-07,,Manual
GPT-5 Nano (Minimal),2025-08-07,,Manual
GPT-5 Pro,2025-08-07,,Manual
gpt-5-2025-08-07_high,2025-08-07,OpenAI,EpochAI
gpt-5-2025-08-07_low,2025-08-07,OpenAI,EpochAI
gpt-5-2025-08-07_medium,2025-08-07,OpenAI,EpochAI
gpt-5-2025-08-07_minimal,2025-08-07,OpenAI,EpochAI
gpt-5-chat,2025-08-07,,Manual
gpt-5-codex,2025-09-15,OpenAI,EpochAI
gpt-5-mini-2025-08-07_high,2025-08-07,OpenAI,EpochAI
gpt-5-mini-2025-08-07_medium,2025-08-07,OpenAI,EpochAI
gpt-5-nano-2025-08-07_high,2025-08-07,OpenAI,EpochAI
gpt-5-nano-2025-08-07_medium,2025-08-07,OpenAI,EpochAI
gpt-5-pro,2025-08-07,,Manual
gpt-5-pro-2025-10-06_high,2025-10-07,OpenAI,EpochAI
GPT-5.1 (Low),2025-11-13,,Manual
"GPT-5.1 (Thinking, High)",2025-11-12,,Manual
"GPT-5.1 (Thinking, Low)",2025-11-12,,Manual
"GPT-5.1 (Thinking, Medium)",2025-11-12,,Manual
"GPT-5.1 (Thinking, None)",2025-11-12,,Manual
gpt-5.1-2025-11-13_high,2025-11-13,OpenAI,EpochAI
gpt-5.1-2025-11-13_low,2025-11-13,OpenAI,EpochAI
gpt-5.1-2025-11-13_medium,2025-11-13,OpenAI,EpochAI
gpt-5.1-2025-11-13_none,2025-11-13,OpenAI,EpochAI
gpt-5.1-codex,2025-11-12,OpenAI,EpochAI
gpt-5.1-codex-max,2025-11-19,OpenAI,EpochAI
gpt-5.1-codex-mini,2025-11-12,OpenAI,EpochAI
gpt-5.1-instant,2025-11-12,,Manual
gpt-5.1-thinking,2025-11-12,,Manual
GPT-5.2,2025-12-11,,Manual
GPT-5.2 (High),2025-12-11,,Manual
GPT-5.2 (Low),2025-12-11,,Manual
GPT-5.2 (Medium),2025-12-11,,Manual
GPT-5.2 (X-High),2025-12-11,,Manual
GPT-5.2 Pro (High),2025-12-11,,Manual
GPT-5.2 Pro (Medium),2025-12-11,,Manual
GPT-5.2 Pro (X-High),2025-12-11,,Manual
gpt-5.2-2025-12-11_high,2025-12-11,OpenAI,EpochAI
gpt-5.2-2025-12-11_low,2025-12-11,OpenAI,EpochAI
gpt-5.2-2025-12-11_medium,2025-12-11,OpenAI,EpochAI
gpt-5.2-2025-12-11_xhigh,2025-12-11,OpenAI,EpochAI
gpt-5.2-pro-2025-12-11-webapp,2025-12-11,OpenAI,EpochAI
GPT-J (6B),2021-08-05,,Manual
gpt-j-6b,2021-08-05,"EleutherAI,LAION",EpochAI
GPT-Neo-2.7B,2021-03-21,,Manual
gpt-neo-2.7B,2023-03-30,EleutherAI,EpochAI
GPT-NeoX (20B),2022-04-07,,Manual
GPT-NeoX 20B,2022-04-07,,Manual
gpt-neox-20b,2022-04-07,EleutherAI,EpochAI
gpt-oss-120b,2025-08-05,OpenAI,EpochAI
gpt-oss-120b_high,2025-08-05,OpenAI,EpochAI
gpt-oss-120b_medium,2025-08-05,OpenAI,EpochAI
gpt-oss-20b,2025-08-05,OpenAI,EpochAI
gpt-oss-20b_high,2025-08-05,OpenAI,EpochAI
gpt-oss-20b_medium,2025-08-05,OpenAI,EpochAI
gpt2-xl,2019-11-05,OpenAI,EpochAI
GPT3 175B,2022-01-27,,Manual
Grok 2.0 Beta,2024-08-13,,Manual
Grok 3,2025-02-17,,Manual
Grok 3 Mini (Low),2025-02-17,,Manual
Grok 4 (Fast Reasoning),2025-09-19,,Manual
Grok 4 (Refine.),2025-09-16,,Manual
Grok 4 (Thinking),2025-07-09,,Manual
grok-2-1212,2024-12-12,xAI,EpochAI
grok-3,2025-04-09,xAI,EpochAI
grok-3-beta,2025-04-09,xAI,EpochAI
grok-3-mini-beta_high,2025-04-09,xAI,EpochAI
grok-3-mini-beta_low,2025-04-09,xAI,EpochAI
grok-3-mini-beta_medium,2025-04-09,xAI,EpochAI
grok-3-mini_high,2025-06-24,xAI,EpochAI
grok-4-0709,2025-07-09,xAI,EpochAI
grok-4-1-fast-non-reasoning,2025-11-16,,Manual
grok-4-1-fast-reasoning,2025-11-16,,Manual
grok-4-fast,2025-09-19,xAI,EpochAI
grok-code-fast-1,2025-08-28,,EpochAI
Hermes-2-Theta-Llama-3-70B,2024-06-20,"Nous Research,Arcee AI",EpochAI
Hierarchical Reasoning Model (HRM),2025-06-26,,Manual
Honeybee (Vicuna-13B) ðŸ¥‰,2023-12-11,,Manual
HoT-T5_Base,2023-08-11,,Manual
HoT-T5_Large,2023-08-11,,Manual
IMMO SL+RL,2023-08-19,,Manual
Inflection-1,2023-06-22,Inflection AI,EpochAI
InstructBLIP,2023-05-11,,Manual
instructblip-vicuna-13b,2023-12-25,,EpochAI
instructblip-vicuna-7b,2023-05-22,,EpochAI
InstructPalmyra (30B),2025-04-28,,Manual
INTELLECT-1-Instruct,2024-11-29,"Prime Intellect,Hugging Face,Arcee AI",EpochAI
InternLM (104B),2023-07-06,,Manual
internlm-20b,2023-09-18,,EpochAI
internlm-7b,2023-07-05,,EpochAI
InternLM-Chat 7B (8-shot),2023-07-05,,Manual
internlm-chat-20b,2023-09-17,,EpochAI
InternVL-Chat-V1-5,2024-04-18,,EpochAI
InternVL-Chat-ViT-6B-Vicuna-13B,2024-08-16,,EpochAI
InternVL-Chat-ViT-6B-Vicuna-7B,2023-12-25,,EpochAI
InternVL2-40B,2024-07-08,Shanghai AI Lab,EpochAI
InternVL2_5-78B,2024-12-06,"Shanghai AI Lab,SenseTime,Tsinghua University,Nanjing University,Fudan University,Chinese University of Hong Kong (CUHK),Shanghai Jiao Tong University",EpochAI
J1-Grande v1 (17B),2022-05-02,,Manual
J1-Grande v2 beta (17B),2022-10-28,,Manual
J1-Jumbo v1 (178B),2022-05-02,,Manual
J1-Large v1 (7.5B),2022-05-02,,Manual
Jamba 1.5 Large,2024-08-22,,Manual
Jamba 1.5 Mini,2024-08-22,,Manual
Jamba Instruct,2024-05-02,,Manual
Jurassic-2 Grande (17B),2023-03-01,,Manual
Jurassic-2 Jumbo (178B),2023-03-01,,Manual
Jurassic-2 Large (7.5B),2023-03-01,,Manual
kangaroo,2024-11-13,,EpochAI
Kimi-Audio-7B-Instruct,2025-04-25,,Manual
Kimi-Audio-7B-Instructâ€ ,2025-04-25,,Manual
Kimi-K2-Instruct,2025-07-12,Moonshot,EpochAI
kimi-k2-instruct,2025-07-12,,Manual
Kimi-K2-Instruct-0905,2024-09-05,Moonshot,EpochAI
kimi-k2-thinking,2025-11-06,Moonshot,EpochAI
kimi-k2-thinking-turbo,2025-11-06,Moonshot,EpochAI
LaVIN-13B,2023-05-24,,Manual
LaVIN-7B,2023-05-24,,Manual
learnlm-1.5-pro-experimental,2024-11-19,,Manual
LFM2-Audio-1.5Bâ€ ,2025-10-01,,Manual
LG-VQA (BLIP-2),2023-10-31,,Manual
LG-VQA (CLIP),2023-10-31,,Manual
LinVT,2024-12-06,,EpochAI
LiveCC-7B-Instruct,2024-04-12,,EpochAI
LLAMA 2-CHAT 13B (8-shot),2023-07-18,,Manual
LLAMA 2-CHAT 70B (8-shot),2023-07-18,,Manual
LLAMA 2-CHAT 7B (8-shot),2023-07-18,,Manual
Llama 3 70b,2024-04-18,,Manual
Llama 3 8b,2024-04-18,,Manual
Llama 3.1 405b,2024-07-23,,Manual
Llama 3.1 405b (Bio Llama),2024-07-23,,Manual
Llama 3.1 405b (Hermes 3),2024-08-13,,Manual
Llama 3.1 405B Instruct,2024-07-23,,Manual
Llama 3.1 70b,2024-07-23,,Manual
Llama 3.1 8b,2024-07-23,,Manual
Llama 3.2 11B Vision-Instruct,2024-09-24,,Manual
Llama 3.2 3B Instruct,2024-09-24,,Manual
Llama 3.2 90B Vision Instruct,2024-09-24,,Manual
Llama 3.3 70B Instruct,2024-12-06,,Manual
Llama 4 Maverick,2025-04-05,,Manual
Llama 4 Scout,2025-04-05,,Manual
LLaMA-13B,2023-02-24,Meta AI,EpochAI
Llama-2-13b,2023-07-18,Meta AI,EpochAI
Llama-2-13b-chat,2023-07-18,Meta AI,EpochAI
Llama-2-34b,2023-07-18,Meta AI,EpochAI
Llama-2-70b-chat,2023-07-18,Meta AI,EpochAI
Llama-2-70b-chat-hf,2023-07-18,Meta AI,EpochAI
Llama-2-70b-hf,2023-07-18,Meta AI,EpochAI
Llama-2-7b,2023-07-18,Meta AI,EpochAI
Llama-3.1-405B,2024-07-23,Meta AI,EpochAI
Llama-3.1-405B-Instruct,2024-07-23,Meta AI,EpochAI
Llama-3.1-70B-Instruct,2024-07-23,Meta AI,EpochAI
Llama-3.1-8B-Instruct,2024-07-23,Meta AI,EpochAI
Llama-3.1-Tulu-3-70B-DPO,2024-11-21,"Allen Institute for AI,University of Washington",EpochAI
Llama-3.2-11B-Vision-Instruct,2024-09-24,Meta AI,EpochAI
Llama-3.2-1B-Instruct,2024-09-24,Meta AI,EpochAI
Llama-3.2-3B-Instruct,2024-09-24,Meta AI,EpochAI
Llama-3.2-90B-Vision-Instruct,2024-09-24,Meta AI,EpochAI
Llama-3.3-70B-Instruct,2024-12-06,Meta AI,EpochAI
LLaMA-33B,2023-02-24,Meta AI,EpochAI
Llama-4-Maverick,2025-04-05,,Manual
Llama-4-Maverick-17B-128E-Instruct,2025-04-05,Meta AI,EpochAI
Llama-4-Maverick-17B-128E-Instruct-FP8,2025-04-05,Meta AI,EpochAI
Llama-4-Scout-17B-16E-Instruct,2025-04-05,Meta AI,EpochAI
LLaMA-65B,2023-02-24,Meta AI,EpochAI
LLaMA-7B,2023-02-24,Meta AI,EpochAI
LLaMA-Adapter,2023-03-28,,Manual
LLaMA-Adapter-V2,2023-04-27,,Manual
LLaMA-SciTune,2023-07-03,,Manual
llama3-llava-next-8b,2024-04-20,,EpochAI
llama4-maverick,2025-04-05,,Manual
llama4-maverick-instruct-basic,2025-04-05,,Manual
llama4-scout,2025-04-05,,Manual
LLaVA,2023-04-17,,Manual
LLaVA (GPT-4 judge),2023-04-17,,Manual
LLaVA (ViT-L/16-224),2023-12-04,,Manual
LLaVA-13B,2023-04-17,,Manual
LLaVA-7B,2023-04-17,,Manual
LLaVA-NeXT-13B,2024-01-30,,Manual
LLaVA-NeXT-7B,2024-01-30,,Manual
LLaVA-OneVision 72B,2024-08-06,,EpochAI
llava-v1.5-7b,2023-10-05,,EpochAI
llava-v1.6-mistral-7b,2024-01-31,,EpochAI
llava-v1.6-vicuna-13b,2024-01-31,,EpochAI
llava-v1.6-vicuna-7b,2024-01-31,,EpochAI
LLaVA-Video-72B-Qwen2,2024-09-02,,EpochAI
LLaVA-Video-7B-Qwen2,2024-09-02,,EpochAI
LLaVA-Video-7B-Qwen2-TPO,2025-01-19,,EpochAI
long-llava-qwen2-7b,2024-08-30,,EpochAI
LongVA-7B,2024-06-13,,EpochAI
Luminous Base (13B),2022-08-15,,Manual
Luminous Extended (30B),2022-08-15,,Manual
Luminous Supreme (70B),2022-08-15,,Manual
Lynx,2023-07-05,,Manual
Magistral Medium,2025-06-10,,Manual
Magistral Medium (Thinking),2025-06-10,,Manual
Magistral Small,2025-06-10,,Manual
magistral-small-2506,2025-06-10,Mistral AI,EpochAI
Manus 1.0,2025-03-06,,Manual
Manus 1.5,2025-10-16,,Manual
MC-CoT_Base,2023-11-23,,Manual
MC-CoT_F-Base,2023-11-23,,Manual
MC-CoT_F-Large ðŸ¥ˆ,2023-11-23,,Manual
MC-CoT_Large,2023-11-23,,Manual
MCAN,2022-09-20,,Manual
Megatron-Turing NLG 530B,2022-01-28,"Microsoft,NVIDIA",EpochAI
Meta-Llama-3-70B,2024-04-18,Meta AI,EpochAI
Meta-Llama-3-70B-Instruct,2024-04-18,Meta AI,EpochAI
Meta-Llama-3-8B,2024-04-18,Meta AI,EpochAI
Meta-Llama-3-8B-Instruct,2024-04-18,Meta AI,EpochAI
MetaCLIP,2023-09-28,,Manual
MiMo-Audio-7B-Instruct,2025-09-19,,Manual
MiMo-Audio-7B-Instruct (Thinking),2025-09-19,,Manual
Minerva 540B,2022-06-29,,Manual
Minerva 62B,2022-06-29,,Manual
Minerva 8B,2022-06-29,,Manual
MiniCPM-o-2_6,2025-01-12,,EpochAI
MiniCPM-V-2_6,2024-08-03,,EpochAI
MiniGPT-4,2023-04-20,,Manual
MiniGPT4,2023-04-20,,Manual
MiniMax-M1-80k,2025-06-13,MiniMax,EpochAI
ministral-3b-2410,2024-10-16,Mistral AI,EpochAI
ministral-8b-2410,2024-10-16,Mistral AI,EpochAI
Mistral 7b Instruct,2023-09-27,,Manual
Mistral Large 2,2024-07-24,,Manual
Mistral Large 2402,2024-02-24,,Manual
Mistral Large 2407,2024-07-24,,Manual
Mistral Magistral,2025-06-10,,Manual
Mistral Medium 3,2025-05-07,,Manual
Mistral NeMo (2402),2024-02-24,,Manual
Mistral-7B-Instruct-v0.1,2023-09-27,Mistral AI,EpochAI
Mistral-7B-Instruct-v0.2,2024-03-23,,Manual
Mistral-7B-Instruct-v0.3,2024-05-27,Mistral AI,EpochAI
Mistral-7B-v0.1,2023-09-27,Mistral AI,EpochAI
mistral-large-2402,2024-02-26,Mistral AI,EpochAI
mistral-large-2407,2024-07-24,Mistral AI,EpochAI
mistral-large-2411,2024-11-18,Mistral AI,EpochAI
mistral-medium-2505,2025-05-07,Mistral AI,EpochAI
mistral-medium-2508,2025-08-12,,EpochAI
mistral-medium-latest,2025-08-12,,Manual
Mistral-Nemo-Base-2407,2024-07-18,Mistral AI,EpochAI
Mistral-Nemo-Instruct-2407,2024-07-18,Mistral AI,EpochAI
mistral-small-2402,2024-02-26,,EpochAI
mistral-small-2501,2025-01-25,Mistral AI,EpochAI
mistral-small-2503,2025-03-17,Mistral AI,EpochAI
Mixtral (8x7B 32K seqlen),2023-12-11,,Manual
Mixtral 8x7b,2023-12-11,,Manual
Mixtral 8x7B Instruct v0.1,2023-12-11,,Manual
Mixtral-8x22B-Instruct-v0.1,2024-04-17,Mistral AI,EpochAI
Mixtral-8x22B-v0.1,2024-04-17,Mistral AI,EpochAI
Mixtral-8x7B-Instruct-v0.1,2023-12-11,Mistral AI,EpochAI
Mixtral-8x7B-v0.1,2023-12-11,Mistral AI,EpochAI
ml-elephant,2024-01-04,,Manual
MM1-3B-Chat,2024-03-14,,EpochAI
MM1-7B-Chat,2024-03-14,,EpochAI
moonshotai/kimi-k2-0905,2025-09-05,Moonshot,EpochAI
moonshotai/Kimi-K2-Thinking,2025-11-06,Moonshot,EpochAI
mPLUG-Owl,2023-04-27,,Manual
mPLUG-Owl3-7B-241101,2024-11-26,,EpochAI
mpt-30b,2023-06-22,MosaicML,EpochAI
mpt-30b-instruct,2023-06-22,MosaicML,EpochAI
mpt-7b,2023-05-05,MosaicML,EpochAI
MultiGPT,2023-05-08,,Manual
Multimodal-CoT_Base,2023-02-02,,Manual
Multimodal-CoT_Large,2023-02-02,,Manual
Mutimodal-T-SciQ_Base,2023-05-05,,Manual
Mutimodal-T-SciQ_Large ðŸ¥‡,2023-05-05,,Manual
Nemotron-4 15B,2024-02-26,NVIDIA,EpochAI
Nova Lite,2024-12-03,,Manual
Nova Pro,2024-12-03,,Manual
nova-2-lite,2025-12-02,,Manual
nova-premier,2025-04-30,,Manual
NVARC,2025-11-03,,Manual
nvidia-nemotron-nano-9b-v2,2025-08-18,,EpochAI
NVILA-8B,2024-12-10,"NVIDIA,Massachusetts Institute of Technology (MIT),University of California (UC) Berkeley,University of California San Diego,University of Washington,Tsinghua University",EpochAI
o1,2024-12-05,,Manual
o1 Preview,2024-09-12,,Manual
o1 Pro,2024-12-18,,Manual
o1-2024-12-17_high,2024-12-17,OpenAI,EpochAI
o1-2024-12-17_low,2024-12-17,OpenAI,EpochAI
o1-2024-12-17_medium,2024-12-17,OpenAI,EpochAI
o1-mini,2024-09-12,,Manual
o1-mini-2024-09-12_high,2024-09-12,OpenAI,EpochAI
o1-mini-2024-09-12_medium,2024-09-12,OpenAI,EpochAI
o1-preview,2024-09-12,,Manual
o1-preview-2024-09-12,2024-09-12,OpenAI,EpochAI
o1-pro-2025-03-19_low,2025-03-19,OpenAI,EpochAI
o3,2025-04-16,,Manual
o3 (High),2025-04-16,,Manual
o3 (Low),2025-04-16,,Manual
o3 (Medium),2025-04-16,,Manual
o3 Mini,2025-01-31,,Manual
o3-2025-04-16_high,2025-04-16,OpenAI,EpochAI
o3-2025-04-16_low,2025-04-16,OpenAI,EpochAI
o3-2025-04-16_medium,2025-04-16,OpenAI,EpochAI
o3-mini (High),2025-01-31,,Manual
o3-mini (high),2025-01-31,,Manual
o3-mini (Low),2025-01-31,,Manual
o3-mini (Medium),2025-01-31,,Manual
o3-mini (medium),2025-01-31,,Manual
o3-mini-2025-01-31_high,2025-01-31,OpenAI,EpochAI
o3-mini-2025-01-31_low,2025-01-31,OpenAI,EpochAI
o3-mini-2025-01-31_medium,2025-01-31,OpenAI,EpochAI
o3-pro,2025-06-10,,Manual
o3-Pro (High),2025-06-10,,Manual
o3-Pro (Low),2025-06-10,,Manual
o3-Pro (Medium),2025-06-10,,Manual
o3-pro-2025-06-10_high,2025-06-10,OpenAI,EpochAI
o3-pro-2025-06-10_low,2025-06-10,OpenAI,EpochAI
o3-pro-2025-06-10_medium,2025-06-10,OpenAI,EpochAI
o4 Mini,2025-04-16,,Manual
o4-mini,2025-04-16,,Manual
o4-mini (high),2025-04-16,,Manual
o4-mini (High),2025-04-16,,Manual
o4-mini (Low),2025-04-16,,Manual
o4-mini (medium),2025-04-16,,Manual
o4-mini (Medium),2025-04-16,,Manual
o4-mini-2025-04-16_high,2025-04-16,OpenAI,EpochAI
o4-mini-2025-04-16_low,2025-04-16,OpenAI,EpochAI
o4-mini-2025-04-16_medium,2025-04-16,OpenAI,EpochAI
o4-mini-high,2025-04-16,,Manual
OLMo (7B),2024-02-01,,Manual
OLMo 1.7 (7B),2024-04-17,,Manual
OLMo-2-1124-13B-Instruct,2024-12-31,"Allen Institute for AI,University of Washington,New York University (NYU)",EpochAI
open-mistral-7b,2023-09-27,Mistral AI,EpochAI
open-mistral-nemo-2407,2024-07-18,Mistral AI,EpochAI
open-mixtral-8x22b,2024-04-17,Mistral AI,EpochAI
open-mixtral-8x7b,2023-12-11,Mistral AI,EpochAI
open_llama_7b,2023-06-07,,EpochAI
openai/gpt-oss-120b_high,2025-08-05,OpenAI,EpochAI
OpenCLIP,2022-09-15,,Manual
OpenFlamingo,2023-03-14,,Manual
openhands-lm-32b-v0.1,2024-03-26,,EpochAI
opt-1.3b,2022-05-11,Meta AI,EpochAI
opt-13b,2022-05-11,,EpochAI
opt-175b,2022-05-02,Meta AI,EpochAI
opt-66b,2022-05-03,Meta AI,EpochAI
"Opus 4.5 (Thinking, 16K)",2025-11-24,,Manual
"Opus 4.5 (Thinking, 1K)",2025-11-24,,Manual
"Opus 4.5 (Thinking, 32K)",2025-11-24,,Manual
"Opus 4.5 (Thinking, 64K)",2025-11-24,,Manual
"Opus 4.5 (Thinking, 8K)",2025-11-24,,Manual
"Opus 4.5 (Thinking, None)",2025-11-24,,Manual
Oryx-1.5-32B,2024-10-22,,EpochAI
PaLM 2-L,2023-05-17,,EpochAI
PaLM 2-M,2023-05-17,,EpochAI
PaLM 2-S,2023-05-17,,EpochAI
PaLM 540B,2022-04-04,Google Research,EpochAI
PaLM 62B,2022-04-04,,EpochAI
PaLM 8B,2022-04-04,,Manual
PaLM-2 (Bison),2023-05-10,,Manual
PaLM-2 (Unicorn),2023-05-10,,Manual
PaLM-cont 62B,2022-10-05,,Manual
Palmyra X (43B),2023-07-17,,Manual
Palmyra X V2 (33B),2023-11-17,,Manual
Palmyra X V3 (72B),2023-11-17,,Manual
Palmyra-X-004,2024-10-09,,Manual
parasail-qwen3-235b-a22b-instruct-2507,2025-09-01,Alibaba,EpochAI
Patch-TRM,2022-09-20,,Manual
Phi 3.5 Vision-Instruct,2024-04-23,,Manual
phi-1.5-web (1.3B),2023-09-11,,Manual
phi-1.5-web-only (1.3B),2023-09-11,,Manual
phi-1_5,2023-09-11,Microsoft,EpochAI
phi-2,2023-12-12,Microsoft,EpochAI
Phi-3 (7B),2024-04-23,,Manual
Phi-3-medium-128k-instruct,2024-04-23,Microsoft,EpochAI
Phi-3-mini-4k-instruct,2024-04-23,Microsoft,EpochAI
Phi-3-small-8k-instruct,2024-04-23,Microsoft,EpochAI
Phi-3.5-mini-instruct,2024-08-16,Microsoft,EpochAI
Phi-3.5-MoE-instruct,2024-08-17,Microsoft,EpochAI
Phi-3.5-vision-instruct,2024-08-16,,EpochAI
phi-4,2024-12-12,Microsoft Research,EpochAI
Phi-4-multimodal-instruct,2025-02-01,,Manual
PILL (LLaMA-7B),2023-11-03,,Manual
Pixtral-12B-2409,2024-09-17,Mistral AI,EpochAI
Pythia (12B),2023-04-03,,Manual
Pythia (6.9B),2023-04-03,,Manual
QVix,2023-12-04,,Manual
Qwen 2 72B Instruct,2024-06-07,,Manual
Qwen 2.5 14B Instruct,2024-09-19,,Manual
Qwen 2.5 72B Instruct,2024-09-19,,Manual
Qwen-14B,2023-09-28,Alibaba,EpochAI
Qwen-14B-Chat,2023-09-24,Alibaba,EpochAI
Qwen-1_8B,2023-11-30,,EpochAI
Qwen-7B,2023-09-28,Alibaba,EpochAI
QWEN-CHAT 1.8B (0-shot),2023-09-28,,Manual
QWEN-CHAT 1.8B (8-shot),2023-09-28,,Manual
QWEN-CHAT 14B (0-shot),2023-09-28,,Manual
QWEN-CHAT 14B (8-shot),2023-09-28,,Manual
QWEN-CHAT 7B (0-shot),2023-09-28,,Manual
QWEN-CHAT 7B (8-shot),2023-09-28,,Manual
qwen-max-2025-01-25,2025-01-25,Alibaba,EpochAI
qwen-plus-2025-01-25,2025-01-25,Alibaba,EpochAI
qwen-plus-2025-04-28,2025-04-28,Alibaba,EpochAI
qwen-turbo-2024-11-01,2024-11-01,Alibaba,EpochAI
Qwen-VL-Chat,2023-08-20,,EpochAI
Qwen-VL-Max,2024-01-18,,EpochAI
qwen.qwen3-235b-a22b-2507-v1:0,2025-04-29,,Manual
Qwen/Qwen3-235B-A22B-Thinking-2507,2025-07-25,Alibaba,EpochAI
Qwen1.5 (72B),2024-02-04,,Manual
Qwen1.5 Chat (110B),2024-04-25,,Manual
qwen1.5-14B,2024-02-04,Alibaba,EpochAI
qwen1.5-32B,2024-02-04,Alibaba,EpochAI
qwen1.5-32b-chat,2024-04-03,Alibaba,EpochAI
qwen1.5-72b-chat,2024-02-04,Alibaba,EpochAI
Qwen1.5-7B,2024-02-04,Alibaba,EpochAI
qwen2-72b-instruct,2024-06-07,Alibaba,EpochAI
Qwen2-VL-72B-Instruct,2024-08-29,,EpochAI
Qwen2-VL-7B-Instruct,2024-08-29,,EpochAI
qwen2.5-14b-instruct,2025-02-26,Alibaba,EpochAI
qwen2.5-32b-instruct,2024-09-17,Alibaba,EpochAI
Qwen2.5-72B,2024-09-19,Alibaba,EpochAI
qwen2.5-72b-instruct,2024-09-19,Alibaba,EpochAI
qwen2.5-7b-instruct,2025-02-26,Alibaba,EpochAI
Qwen2.5-Coder-0.5B,2024-09-18,,EpochAI
Qwen2.5-Coder-1.5B,2024-09-18,Alibaba,EpochAI
Qwen2.5-Coder-14B,2024-09-18,,EpochAI
Qwen2.5-Coder-14B-Instruct,2024-11-06,,EpochAI
Qwen2.5-Coder-32B,2024-09-18,Alibaba,EpochAI
Qwen2.5-Coder-32B-Instruct,2024-11-21,Alibaba,EpochAI
Qwen2.5-Coder-3B,2024-09-18,,EpochAI
Qwen2.5-Coder-3B-Instruct,2024-11-06,,EpochAI
Qwen2.5-Coder-7B,2024-09-18,Alibaba,EpochAI
Qwen2.5-Coder-7B-Instruct,2024-09-17,Alibaba,EpochAI
qwen2.5-max,2025-01-28,Alibaba,EpochAI
Qwen2.5-Omni-7B,2025-03-26,,Manual
Qwen2.5-VL-72B-Instruct,2024-09-19,Alibaba,EpochAI
qwen3-235b-a22b,2025-04-29,Alibaba,EpochAI
Qwen3-235B-A22B,2025-04-29,Alibaba,EpochAI
qwen3-235B-A22B,2025-04-29,,Manual
Qwen3-235b-a22b Instruct (25/07),2025-07-25,,Manual
Qwen3-235B-A22B-Instruct-2507,2025-07-25,Alibaba,EpochAI
Qwen3-235B-A22B-Thinking-2507,2025-07-25,Alibaba,EpochAI
Qwen3-30B-A3B,2025-04-29,Alibaba,EpochAI
Qwen3-32B,2025-04-29,Alibaba,EpochAI
Qwen3-Coder-480B-A35B-Instruct,2025-07-31,Alibaba,EpochAI
qwen3-max-2025-09-23,2025-09-24,Alibaba,EpochAI
Qwen3-Omni-30B-A3B-Instructâ€ ,2025-09-22,,Manual
QwQ-32B,2025-03-05,Alibaba,EpochAI
QwQ-32B (16K thinking),2025-03-05,Alibaba,EpochAI
QwQ-32B-Preview,2024-11-28,Alibaba,EpochAI
qwq-plus,2025-04-08,Alibaba,EpochAI
RACo,2022-10-23,,Manual
RedPajama-INCITE-7B-Base,2023-05-04,,EpochAI
RedPajama-INCITE-Base (7B),2023-06-06,,Manual
RedPajama-INCITE-Base-v1 (3B),2023-06-06,,Manual
RedPajama-INCITE-Instruct (7B),2023-06-06,,Manual
RedPajama-INCITE-Instruct-v1 (3B),2023-06-06,,Manual
reka-flash-3,2025-03-10,Reka AI,EpochAI
SAM,2023-04-05,,Manual
sharegpt4video-8b,2024-05-27,,EpochAI
Skywork 7B,2024-11-26,,Manual
SliME-Llama3-8B,2024-06-02,,EpochAI
Solar Pro,2024-09-10,,Manual
sonar,2025-02-11,,Manual
ST-LLM,2024-03-28,,EpochAI
StableBeluga2,2023-07-20,Stability AI,EpochAI
stablelm-tuned-alpha-7b,2023-04-19,,EpochAI
starcoder2-15b,2024-02-20,"Hugging Face,ServiceNow,NVIDIA,BigCode",EpochAI
starcoder2-3b,2024-02-22,"Hugging Face,ServiceNow,NVIDIA,BigCode",EpochAI
starcoder2-7b,2024-02-20,"Hugging Face,ServiceNow,NVIDIA,BigCode",EpochAI
SWE-Smith-32B,2025-04-30,,Manual
Switch-Base,2021-01-11,,Manual
Switch-Large,2021-01-11,,Manual
T0pp (11B),2021-10-15,,Manual
T5 (11B),2019-10-23,,Manual
T5-11B,2019-10-23,,Manual
T5-3B,2019-10-23,,Manual
T5-Base,2019-10-23,,Manual
T5-Large,2019-10-23,,Manual
T5-Small,2019-10-23,,Manual
text-ada-001,2022-01-27,,Manual
text-babbage-001,2022-01-27,,Manual
text-curie-001,2022-01-27,,Manual
text-davinci-001,2022-01-27,OpenAI,EpochAI
text-davinci-002,2022-03-15,OpenAI,EpochAI
text-davinci-003,2022-11-28,OpenAI,EpochAI
TimeMarker,2024-11-27,,EpochAI
Tiny Recursion Model (TRM),2025-10-06,,Manual
TNLG v2 (530B),2022-01-28,,Manual
TNLG v2 (6.7B),2022-01-28,,Manual
Top-Down,2022-09-20,,Manual
UL2 (20B),2022-05-10,,Manual
UNICORN,2025-03-24,,Manual
Unicorn 770M,2025-03-24,,Manual
Unicorn-11B,2025-03-24,,Manual
Unicorn-Large,2025-03-24,,Manual
UnifiedQA,2020-05-02,,Manual
UnifiedQA-T-SciQ_Base,2023-05-05,,Manual
Unsafety Llama,2024-07-23,,Manual
Vicuna v1.3 (7B),2023-06-22,,Manual
Vicuna-13B,2023-03-30,,Manual
vicuna-13b-v1.1,2023-04-12,,EpochAI
vicuna-13b-v1.3,2023-06-18,"Large Model Systems Organization,University of California (UC) Berkeley",EpochAI
Video-CCAM-7B-v1.2,2024-09-29,,EpochAI
Video-LLaVA-7B,2023-11-17,,EpochAI
Video-XL-7B,2024-10-17,,EpochAI
video_chat2_mistral,2023-11-29,,EpochAI
VideoChat-Flash-Qwen2-7B_res448,2025-01-11,,EpochAI
VideoLLAMA2-7B,2024-06-12,,EpochAI
VideoLLAMA3-7B,2024-01-22,,EpochAI
ViLAMP-llava-qwen,2025-05-01,,EpochAI
ViLT,2021-02-05,,Manual
VisionLLM v2,2024-06-12,,Manual
VisionLLM v2-Chat,2024-06-12,,Manual
VisualBERT,2019-08-09,,Manual
VITA,2024-08-12,,EpochAI
VITA-1.5,2024-12-20,,EpochAI
VLIS,2023-10-15,,Manual
Voxtral-Small-24B-2507,2025-07-15,,Manual
VPGTrans,2023-05-02,,Manual
WizardLM-2-8x22B,2024-04-15,Microsoft,EpochAI
xgen-7b-8k-base,2023-06-27,Salesforce,EpochAI
XVerse,2023-08-07,,Manual
XVERSE 13B,2023-08-07,,Manual
XVERSE-13B,2023-08-07,,Manual
YaLM (100B),2022-06-23,,Manual
Yi-1.5-34B-Chat,2024-05-13,01.AI,EpochAI
Yi-34B,2023-11-02,01.AI,EpochAI
Yi-34B-Chat,2023-11-22,01.AI,EpochAI
Yi-6B,2023-11-02,01.AI,EpochAI
Yi-6B-Chat,2023-11-22,01.AI,EpochAI
Yi-9B,2024-03-01,,EpochAI
Yi-large,2024-05-13,01.AI,EpochAI
yi-lightning,2024-12-02,01.AI,EpochAI
zai-org/GLM-4.6,2025-09-30,"Z.ai (Zhipu AI),Tsinghua University",EpochAI
